{"data": [{"item_id": "111130000855", "item_img": "https://images-kr.amoremall.com/products/111130000855/111130000855_01.png?1659942889742&1659942889743&resize=550:550&shrink=550:550", "brand_name": "아이오페", "category_id": "CTG002", "item_name": "[리필] 에어쿠션 커버 15g", "price": "18,700", "avg_rating": "4.5", "review": [{"user_id": "linu****", "user_rating": 5, "user_attr": {"age_group": 4, "gender": "여성", "skin_type": "극건성", "skin_info": "건조함"}, "review": "쿠션을 계속 사용하다 보니 리필을 계속 구매해서 사용하게 되는데 이번에는 내가 사용하는 바닐라가 너무 빨리 소진되었더라고요... 그래서 조금 느낌은 다르지만 쿨 바닐라로 구입했는데 화사한 느낌이 있다고 하니 기대를 해 보고 있어요~~ 케이스가 바뀌면서더 빨리 쓰는 듯한 느낌이 드는 건 나만 그럴까요? ^^ 그래서 조금 할인한다 싶으면 몽땅 구매해서 언니들이랑 같이 쓰고 있는 제품이예요.."}, {"user_id": "lsjk******", "user_rating": 3, "user_attr": {"age_group": 2, "gender": "여성", "skin_type": "복합성", "skin_info": "민감성"}, "review": "화장이 잘 밀려요 허뉴머배ㅗ뉴뭄지버뷰ㅠ믄느ㅡ무뮤뮤마마버모뮤뉴크쿠커놈ㅍ무나나멓ㅁㅍㅍ뮤머머무뮤뉴노너너뉴뉴노뉴누누너느니니많뉴뉴뉴코큐뉴뉴뉴뉴누쿠누느무무뮤뉴노노코큐뉴뉴나나너큐큐ㅜ키키카코큐쿠캐나녀뇨뉴ㅠ누나너뇨눃뷰자아ㅑ유유ㅜ아유유융아ㅏㅇ"}, {"user_id": "tomh**", "user_rating": 4, "user_attr": {"age_group": 5, "gender": "여성", "skin_type": "중성", "skin_info": "주름"}, "review": "처음 사서 써보았어요. 일단 색상이 화시해서 참,좋습니다. 커버력도 좋고 보송한 느낌도 좋아요. 그런데 저는 좀 갈라지는 것 같아요. 코와 입 주위의 팔자 주름 부분은 갈라져서 주름이 좀 돋보여여...그리고 저는 웜턴, 쿨톤 다 사용하는데요, 이 색상은 웜톤 색조화장에 더 잘 어을리는 것 같아요. 상큼한 늑낌을 주어요~"}, {"user_id": "dhy0****", "user_rating": 5, "user_attr": {"age_group": 2, "gender": "여성", "skin_type": "복합성"}, "review": "항상 구매하던 제품이라 이번에도 고민없이 구매했습니다. 커버가 잡티는 확실히 잘 가려주고 21C가 쿨톤한테 딱 맞는 색상이네요. 다만 패키지가 자꾸 바뀌는 점은 아쉽습니다. 이전에 쓰던 팩트들을 다 버려야해서요. 한번 출시하면 오래 지속해주시면 감사하겠습니다."}, {"user_id": "dhy0****", "user_rating": 5, "user_attr": {"age_group": 2, "gender": "여성", "skin_type": "중성"}, "review": "항상 구매하던 제품이라 이번에도 고민없이 구매했습니다. 커버가 잡티는 확실히 잘 가려주고 21C가 쿨톤한테 딱 맞는 색상이네요. 다만 패키지가 자꾸 바뀌는 점은 아쉽습니다. 이전에 쓰던 팩트들을 다 버려야해서요. 한번 출시하면 오래 지속해주시면 감사하겠습니다."}, {"user_id": "dram**", "user_rating": 4, "user_attr": {"age_group": 3, "gender": "여성", "skin_type": "복합성", "skin_info": "트러블"}, "review": "마스크 쓰느라 화장 거의 안 하지만 쿠폰이 있어서 샀어요~ 근데 리필용은 박스도 없이 그냥 이렇게 달랑 오네요. 그거 하나 아쉽구 올해 새로 쿠션이라서 리필도 사용기한도 넉넉하구 좋아요 두고 잘 사용할 수 있을거 같아요~"}, {"user_id": "eric****", "user_rating": 5, "user_attr": {"age_group": 3, "gender": "여성", "skin_type": "복합성", "skin_info": "탄력없음"}, "review": "커버력도 적당히 있어서 좋아요 속건조가 심한데 촉촉하니 괜찮네요 만족합니다 자연스러운 메이크업이 되네요 데일리 아이템으로 굿굿입니다요 만족합니다 23호 베이지를 사용했는데 21호가 더 맞는거 같네요 만족합니다 배송도 빨라서 좋아요"}, {"user_id": "tomh**", "user_rating": 3, "user_attr": {"age_group": 5, "gender": "여성", "skin_type": "중성", "skin_info": "주름"}, "review": "처음에 사용할 때는 화사하고 좋았눈데, 날씨가 더워지니까 좀 무너져서 컴컴한 느낌이 나는 것 같아요. 그리고 땀때문에 얼굴에 자국이 많이 남아요. 여름이라 어쩔수 없겠죠? 밀착력이 그렇게 좋은 것 같진 않아요. 처음보다 약간 실망이예요."}, {"user_id": "choc****", "user_rating": 4, "user_attr": {"age_group": 3, "gender": "여성", "skin_type": "복합성", "skin_info": "민감성"}, "review": "에어쿠션 내추럴과 커버 두종류 다 구입해서 사용해봤어요\n내추럴제품은 촉촉하고 톤업크림 수준으로 커버력이 부족해서 커버제품으로 재구매했고 확실히 더 뽀송하게 피부표현이 되지만 마스크 묻어남은 어느정도 있네요"}, {"user_id": "dram**", "user_rating": 5, "user_attr": {"age_group": 3, "gender": "여성", "skin_type": "중성"}, "review": "테스트용으로 써보고 리필 더 샀는데 좋아요 아직 안 뜯었는데 아무래도 신제품이라 사용기한도 완전 넉넉해서 쓰던거 다 쓰고 나면 여유있게 사용할꺼 같아요 여름엔 덥고 땀 나니까 쿠션도 퍼프랑 자체도 교체해주는게 좋을꺼 같아요"}, {"user_id": "eric****", "user_rating": 5, "user_attr": {"age_group": 3, "gender": "여성", "skin_type": "복합성", "skin_info": "칙칙함"}, "review": "잡티가 많아서 항상 커버력있는 제품들로 구입합니다 \n아이오페 쿠션이 제 피부랑 제일 잘맞는거같아서 \n항상 구입하네요 만족합니다 \n배송도 빠르구요 좋아요 포인트 이용해서 저렴하개 구입한거 같네요 만족합니다 배송도 빨라서 좋아요 "}, {"user_id": "ridi*****", "user_rating": 5, "user_attr": {"age_group": 2, "gender": "여성", "skin_type": "복합성", "skin_info": "트러블"}, "review": "짱좋아요 ㅎㅎ 본품 체험단으로 써보고 좋아서 리필도 구매했어요~! 가격도 저렴하고 커버력도 이정도면 만족스럽고 좋은거 같아요 ~~! 케이스도 신기하게 자석으로 열고닫히더라구요 처음엔 어색했는데 쓰다보니 이게 더 편한거 같아요 ㅎㅎ"}, {"user_id": "eric****", "user_rating": 5, "user_attr": {"age_group": 3, "gender": "여성", "skin_type": "복합성", "skin_info": "건조함"}, "review": "배송이 빠르네요 저렴하게 포인트와 쿠폰으로 구입했어요 만족합니다 배송도 빠르고 좋아요 커버력도 있는편이라 출근할때 다른거 안바르도 쿠션만 바르고 출근해요 만족합니다 세일할때 쟁여놓는 품목입니다 저렴하게 구매해서 만족합니다 "}, {"user_id": "0176******", "user_rating": 5, "user_attr": {"age_group": 4, "gender": "여성", "skin_type": "복합성", "skin_info": "건조함"}, "review": "[리필] 에어쿠션® 커버\n올 여름내내 잘 사용했어요.         \n리필은 가격도 저렴하고 특히 케이스가 자석으로 되어 있어서 휴대하기 편했어요.                    \n아침에 한번 발르면 점심까직은 무난히 가더라고요.               "}, {"user_id": "0176******", "user_rating": 5, "user_attr": {"age_group": 4, "gender": "여성", "skin_type": "건성", "skin_info": "건조함"}, "review": "배송은 아주 빨랐어요.   \n지난번엔 본품 써보고 괜찮아서 리필도 샀어요.    \n여름이라 뭉칠가봐 걱정했는데, \n떡지지 않아서 좋아요. \n아침에 바르면 점심까직은 신경 안써도 돼요.    \n유통 기한도 길어요.        "}, {"user_id": "0176******", "user_rating": 5, "user_attr": {"age_group": 4, "gender": "여성", "skin_type": "건성", "skin_info": "트러블"}, "review": "작년 여름에 주문해서 써보고 괜찮아서     \n쭉 쓰고 있어요.  \n피부가 어두운 편이라 23 주문해서 쓰는데.    \n자연스럽고 좋습니다.            \n겨울철 건조해도 촉촉함이 어느정도 유지됩니다.           "}, {"user_id": "affo****", "user_rating": 4, "user_attr": {"age_group": 3, "gender": "여성", "skin_type": "복합성", "skin_info": "주름"}, "review": "요즘시대에 딱! 이네요\n마스크써야하는요즘시대에 건조하지도않고 자극적이지도 않고 색깔도 적당하구요\n마스크에 그렇게 많이 묻어나오지도 않구요\n지인선물하니 좋아합니다\nhttps://m.blog.naver.com/rmsxo1774/222243620284"}, {"user_id": "0176******", "user_rating": 5, "user_attr": {"age_group": 4, "gender": "여성", "skin_type": "복합성", "skin_info": "탄력없음"}, "review": "대한통운 택배 파업이라 걱정했는데.            \n담날 바로 배송되었습니다.          \n지난번에 구입해서 사용하고 \n괜찮아서 또 구매했어요.              \n아침에 바르면 오후까지 가네요      "}, {"user_id": "ooh2****", "user_rating": 4, "user_attr": {"age_group": 5, "gender": "여성", "skin_type": "복합성", "skin_info": "칙칙함"}, "review": "피부가 건조한편인데 촉촉한 쿠션 덕분에 수쟝화장이 필요없이 지속력도 있어요 \n너무 잘 쓰고있어요 \n딸이 추천해준 거라 더욱 애정가네요 "}, {"user_id": "mint****", "user_rating": 5, "user_attr": {"age_group": 4, "gender": "여성", "skin_type": "복합성"}, "review": "얼굴이 하얀편이라 색상도 저한테 잘맞는것 같아요.\n아이오페만 십년넘게 사용중이라\n리뉴얼 제품도 만족하고 사용중입니다^^"}, {"user_id": "rose***", "user_rating": 5, "user_attr": {"age_group": 5, "gender": "여성", "skin_type": "건성", "skin_info": "모공"}, "review": "기존에 사용하던 제품이 없어서 새로 나온 에어쿠션으로 구입 해봤어요. 아모레는 믿고 쓰는 제품이다보니... 역시~ 괜찮네요~ "}, {"user_id": "cleo*******", "user_rating": 5, "user_attr": {"age_group": 5, "gender": "여성", "skin_type": "복합성", "skin_info": "탄력없음"}, "review": "처음에 바르면 두터운 느낌이지만 금방 흡수 됩니다 보습력 커버력 좋은데 무거운느낌아니고 가볍고 편해요"}, {"user_id": "cleo*******", "user_rating": 5, "user_attr": {"age_group": 5, "gender": "여성", "skin_type": "복합성", "skin_info": "탄력없음"}, "review": "처음에 바르면 두터운 느낌이지만 금방 흡수 됩니다 보습력 커버력 좋은데 무거운느낌아니고 가볍고 편해요"}, {"user_id": "jine********", "user_rating": 3, "user_attr": {"age_group": 4, "gender": "여성", "skin_type": "복합성", "skin_info": "민감성"}, "review": "메이컵 후 자연스럽게 잘 스며들고 향도 은은해서 계속사용하고 있어요"}, {"user_id": "cleo*******", "user_rating": 5, "user_attr": {"age_group": 5, "gender": "여성", "skin_type": "복합성", "skin_info": "주름"}, "review": "커버잘되고 지속력 보습력 좋아요\n피부가 윤기나 보입니다"}, {"user_id": "ilma****", "user_rating": 5, "user_attr": {"age_group": 4, "gender": "여성", "skin_type": "건성", "skin_info": "건조함"}, "review": "5년째 계속 리필해서쓰는제품입니다\n촉촉함과 커버력이 좋아요"}, {"user_id": "0103*******", "user_rating": 5, "user_attr": {"age_group": 5, "gender": "여성", "skin_type": "복합성", "skin_info": "주름"}, "review": "촉촉하고 잡티 커버가 잘 됩니다. 하루종일 지속력도 좋습니다"}, {"user_id": "o0ow****", "user_rating": 5, "user_attr": {"age_group": 3, "gender": "여성", "skin_type": "건성"}, "review": "기존 사용하던 제품으로 리필 제품이 필요해서 구입했습니다\n좋아요 "}, {"user_id": "lsjk******", "user_rating": 3, "user_attr": {"age_group": 2, "gender": "여성", "skin_type": "건성", "skin_info": "트러블"}, "review": "잘못샀는데 생각보다 좋아요 ㅎㅎㅎㅎ세일 기간에 사서다행"}, {"user_id": "myja****", "user_rating": 4, "user_attr": {"age_group": 5, "gender": "여성", "skin_type": "중성", "skin_info": "주름"}, "review": "커버력 적당하면서  건조하지않아서 좋아요"}, {"user_id": "cleo*******", "user_rating": 5, "user_attr": {"age_group": 5, "gender": "여성", "skin_type": "복합성", "skin_info": "주름"}, "review": "보습력 커버력 지속력 좋아요\n만족합니다"}, {"user_id": "butt*******", "user_rating": 5, "user_attr": {"age_group": 5, "gender": "여성", "skin_type": "복합성", "skin_info": "건조함"}, "review": "아직 써보진않았어요 아이오페는믿으니까요"}, {"user_id": "ilma****", "user_rating": 4, "user_attr": {"age_group": 4, "gender": "여성", "skin_type": "건성", "skin_info": "주름"}, "review": "계속사용하는제품입니다 또 구매할 얘정입니다"}, {"user_id": "0108*******", "user_rating": 4, "user_attr": {"age_group": 5, "gender": "여성", "skin_type": "복합성"}, "review": "커버력 적당해요. 화사하게 커버돼요. "}, {"user_id": "lsjk******", "user_rating": 3, "user_attr": {"age_group": 2, "gender": "여성", "skin_type": "복합성", "skin_info": "트러블"}, "review": "생각보다 유분이 많아서 보통이에요 ㅠㅠㅠ"}, {"user_id": "ghj5***", "user_rating": 5, "user_attr": {"age_group": 3, "gender": "여성", "skin_type": "건성", "skin_info": "주름"}, "review": "엄마가 꾸준히 사용하시던 제품이라 이번에는 제가 구매하여 선물로 드렸습니다 케이스 리뉴얼 되어 더욱 예뻐졌고 고급스러워진거같아요 제품력이야 두말하면 잔소리일 정도로 마음에 들고 색상도 괜찮네요 다음에도 재구매 예정입니다"}, {"user_id": "as57****", "user_rating": 5, "user_attr": {"age_group": 4, "gender": "여성", "skin_type": "지성", "skin_info": "트러블"}, "review": "재구매해서 리필까지 산. 아이 입니다\n\n너무좋아요"}, {"user_id": "as57****", "user_rating": 5, "user_attr": {"age_group": 4, "gender": "여성", "skin_type": "지성", "skin_info": "트러블"}, "review": "쓰는재품이라 리필 구매해서 쓸려 합니다."}, {"user_id": "king*****", "user_rating": 5, "user_attr": {"age_group": 3, "gender": "여성", "skin_type": "복합성", "skin_info": "건조함"}, "review": "아이오페 쿠션은 쿠션의 원조, 쿠션중의 쿠션으로ㅋ 처음 나왔을때 부터 꾸준히 쓰면어 다른 쿠션으로 갈아탔다가도 결국 돌아오게 하네요. 편안한 사용감으로 늘 손이 가는 제품이라 떨어지지않게 리필을 구매해둡니다. 좋아요"}, {"user_id": "herb****", "user_rating": 5, "user_attr": {"age_group": 4, "gender": "여성", "skin_type": "중성", "skin_info": "칙칙함"}, "review": "오랜만에 아이오페쿠션. 사봤어요. 특별히 좋지도 나쁘지도 않아요.조금 더 써봐야 할것 같아요.사용후에도 약간 끈적이는게 있어서 꼭 파우더 처리를 해줘야 하네요.안그럼 마스크에 너무 많이 묻어나요.그래도 저렴하니 가볍게 쓰기 괜찮아요"}, {"user_id": "gjdi***", "user_rating": 5, "user_attr": {"age_group": 4, "gender": "여성", "skin_type": "복합성", "skin_info": "민감성"}, "review": "쿠션은 에어쿠션만 사용해서 행사할때 포인트 써서 리필 자주 구매해요. 잡티 정도는 잘 가려주고 바르면 피부톤이 화사해 보여요. 속건조가 심한데 매트한편은 아니라서 저한테 잘 맞는 것 같아요. 계속 계속 재구매할게요!"}, {"user_id": "jhlo******", "user_rating": 5, "user_attr": {"age_group": 3, "gender": "여성", "skin_type": "수분부족지성", "skin_info": "트러블"}, "review": "아이오페 에어쿠션 커버 21N 바닐라 후기입니다. 예전에 아이오페 에어쿠션을 썼을때 제품이 좋았어서 이번에 오랜만에 또 사봤어요 그때도 21호를 썼었는데 색이 조금 변한거 같네요 그래도 적당히 커버되고 좋아요 예전 케이스랑 호환이 됐으면 더 좋았겠어요"}, {"user_id": "hyen*****", "user_rating": 4, "user_attr": {"age_group": 4, "gender": "남성", "skin_type": "복합성", "skin_info": "탄력없음"}, "review": "커버력은 무난한데..지속력은 별로인듯\n\n날이 더운것때문인지.."}, {"user_id": "guns*****", "user_rating": 5, "user_attr": {"age_group": 5, "gender": "여성", "skin_type": "건성", "skin_info": "칙칙함"}, "review": "리필용으로 저렴히 구입해서 좋아요. 아이오페 에어쿠션이 가격 대비 괜찮은 제품 같아요. 기본 라인은 커버가 전혀 안되서 발라도 전혀 티가 안 나요. 커버 제품이 기본 라인보다 훨 좋아요. 다 쓰고 나중에 또 구매할게요."}, {"user_id": "umjo****", "user_rating": 5, "user_attr": {"age_group": 4, "gender": "여성", "skin_type": "복합성", "skin_info": "민감성"}, "review": "쿠션은 아이오페가 최고라고 생각하고 그렇게 믿고 있는 사람입니다 물론 5세대도 나쁘진 않은데 예전 세대가 너무 좋았던걸까요?왜 더좋아진 느낌을 받을 받을수는 없는 건지 아모레퍼시픽 쿠션이 나오고 나서부터 뭔가 거기로 다 간느낌은 뭘까요"}, {"user_id": "jine********", "user_rating": 4, "user_attr": {"age_group": 4, "gender": "여성", "skin_type": "복합성", "skin_info": "민감성"}, "review": "들뜨지 않고 얇게 잘 발려서 계속 사용중이에요"}, {"user_id": "dmdl***", "user_rating": 5, "user_attr": {"age_group": 3, "gender": "여성", "skin_type": "수분부족지성"}, "review": "에어쿠션 쿨바닐라 항상쓰던거라서 좋아요"}, {"user_id": "hyen*****", "user_rating": 5, "user_attr": {"age_group": 4, "gender": "남성", "skin_type": "복합성", "skin_info": "탄력없음"}, "review": "마스크쓰고나면 얼룩이 엄청…수정보정 필수임다..지속력은 별로.."}, {"user_id": "0176******", "user_rating": 5, "user_attr": {"age_group": 4, "gender": "여성", "skin_type": "복합성", "skin_info": "민감성"}, "review": "배송은 아주 빠릅니다. \n\n리필용으로 계속 이용하고 있어요. \n\n날마다 쓰는 제품인데 용량이 컸으면 좋겠어요. \n\n가지고 다니긴 편한데,\n\n매일 사용하니 금방금방 줄어들어서 \n\n대용량으로 나오면 좋겠다는 생각이 듭니다."}, {"user_id": "0176******", "user_rating": 5, "user_attr": {"age_group": 4, "gender": "여성", "skin_type": "복합성", "skin_info": "민감성"}, "review": "전에 써보고 괜찮아서 또 주문했어요. \n\n배송은 엄청 빠릅니다. \n\n유통기한도 아주 넉넉해서 좋습니다. \n\n본체가 튼튼해서 리필만 바꿔서 써요. \n\n본체 작년에 구입했는데 아직도 튼튼해요. \n\n닫는 곳이 자석이라 망가질 염려가 없어요."}, {"user_id": "sead****", "user_rating": 2, "user_attr": {"age_group": 3, "gender": "여성", "skin_type": "복합성", "skin_info": "주름"}, "review": "유통기한이 3년은 될거라고 생각했는데 1년 10개월밖에 안 남은게 왔어요. 무슨 생각으로 이런걸 보낸건지.. 사용하기 전부터 기분 나빠서 한달 써보더라도 좋은 리뷰 못 남길듯. 내추럴 13호 본품+리필세트 주문한지 하루이틀만에 반값쿠폰 행사해서 비싸게 산것 배송시작해서 취소도 못하고 억울한 맘에 또 주문한건데 AR이 추천한 17호가 맞을지.. 기대해봅니다."}, {"user_id": "ghj5***", "user_rating": 5, "user_attr": {"age_group": 3, "gender": "여성", "skin_type": "건성", "skin_info": "주름"}, "review": "엄마 선물로 아이오페 리뉴얼 후 처음 주문하였습니다 아직 많이 사용해보진 않았지만 엄마께서 만족스럽게 사용하고 있는것 같아요 색상과 촉촉함 정도가 마음에 들고 생각했던것 보다 더 깔끔하게 표현되는거 같네요 마음에 들어요:)"}, {"user_id": "Love****", "user_rating": 5, "user_attr": {"age_group": 5, "gender": "여성", "skin_type": "복합성", "skin_info": "칙칙함"}, "review": "기존에 쓰던 제품이고 무난해서 계속 \n\n사용하고 있습니다."}, {"user_id": "umjo****", "user_rating": 5, "user_attr": {"age_group": 4, "gender": "여성", "skin_type": "복합성", "skin_info": "민감성"}, "review": "사람마다 다르겠지만 쿠션은 라네즈 보다 아이오페가 좋은거 같아요~~특히 아이오페는 1세대부터 계속해서 사용하고 있어서 매번 구입했었는데 5세대는 내추럴만 사용하다 커버 사서 사용해보니 안두껍게 잘 표현되는거 같아서 좋네요"}, {"user_id": "asm*", "user_rating": 5, "user_attr": {"age_group": 4, "gender": "남성", "skin_type": "중성", "skin_info": "칙칙함"}, "review": "에어쿠션 무난템으로 사용중이라 리필만 추가 구매했어요. 교체가 편하고 제품은 좀 더 저렴하게 살 수 있어서 좋아요. 용기가 공병 수거가 안되는데 불필요한 쓰레기를 만들지 않아서 좋고요. 한 번 개봉하면 금빵 써서 자주 사게 돼요."}, {"user_id": "dusr*****", "user_rating": 5, "user_attr": {"age_group": 2, "gender": "여성", "skin_type": "복합성", "skin_info": "트러블"}, "review": "아이오페 쿠션 쓰다가 다른 쿠션도 써보고 했는데 결국에는 다시 아이오페 쿠션으로 돌아오게 되네요. 엄청 좋다기보단 무난하니 건조하지않아서 좋아요. 여름에 너무 번들거리지 않기도 하고 적당해서 만족하는 쿠션이에요 추천해요"}, {"user_id": "ella****", "user_rating": 1, "user_attr": {}, "review": "택배를 훔쳐가서 써보지 못했어요."}, {"user_id": "kshs****", "user_rating": 4, "user_attr": {}, "review": "촉촉하게 발려서 좋아요. 지속성이 조금 아쉬워요."}, {"user_id": "vvon****", "user_rating": 4, "user_attr": {}, "review": "괜팒은거 같아요.."}, {"user_id": "tjgm****", "user_rating": 5, "user_attr": {}, "review": "다음에 또 구매할게용~~~\n\n "}, {"user_id": "saer****", "user_rating": 5, "user_attr": {}, "review": "배송 빠르고 좋아요~"}]}]}